Nome;Endereco;Cidade;Estado;Google Maps;latitude;longitude
Caxuxa I;BR-262, km 523;Luz;MG;https://maps.app.goo.gl/dpZFoiDu5SDSfoBXA;-19.783839;-45.656775
Caxuxa III (Dorjó);BR-262, km 526;Luz;MG;https://maps.app.goo.gl/XQXKPivCmSiqLPEy5;-19.783472;-45.686114
Caxuxa Rodão;BR-262, km 482;Bom Despacho;MG;https://maps.app.goo.gl/bA7EXBALWDKqet3x5;-19.782881;-45.269571
Caxuxa Lombada;BR-262, km 478,5;Bom Despacho;MG;https://maps.app.goo.gl/HP5cS6fTmxtoQAmF9;-19.785612;-45.236338
Caxuxa São João;Av. Lima Guimarães, 80;Pitangui;MG;https://maps.app.goo.gl/HgbVsKVNNazzDyfFA;-19.684402;-44.892333
Caxuxa Biquinhas;Rua Pref. Airton Xavier de Oliveira, 432;Biquinhas;MG;https://maps.app.goo.gl/QZmbk6hcCD2Ls8qW8;-18.781575;-45.501114
Caxuxa Barril;BR-262, km 511;Luz;MG;https://maps.app.goo.gl/1FKeZ42ZRUSLJkkA7;-19.782903;-45.564993
Caxuxa Milênio;Av. Laura Andrade, 190;Arcos;MG;https://maps.app.goo.gl/MAQnzXxGQk29XAzEA;-20.289773;-45.548049
Caxuxa Lava-Pés;Rua Alzira Torres, 547;Bambuí;MG;https://maps.app.goo.gl/v2DihjDeAEyvhbkb6;-20.017606;-45.984504
Caxuxa Girassol;Rua Indalécio Alvares Gonzales, 1755;Bambuí;MG;https://maps.app.goo.gl/6Y7Ut6kUqynXuP157;-20.012230;-45.950577
Caxuxa Juá;BR-354, km 471;Arcos;MG;https://maps.app.goo.gl/UGHkPdvKKT6xENMB7;-20.272396;-45.575432
Caxuxa Veredas;BR-365, km 323;João Pinheiro;MG;https://maps.app.goo.gl/2ubxXk9u4iz3Yygt5;-18.275853;-45.895015
Caxuxa JK;BR-040, km 226;São Gonçalo do Abaeté;MG;https://maps.app.goo.gl/F1kh3qESeEBb2UNAA;-17.991466;-45.601519
Caxuxa Monte Líbano;BR-262, km 526;Luz;MG;https://maps.app.goo.gl/2DiVWpBvgWnAakK89;-19.782063;-45.678135
Caxuxa Lagoense;MG-170, km 28;Lagoa da Prata;MG;https://maps.app.goo.gl/5jHVWt2rZyWzZ1TT9;-20.024315;-45.515924
Caxuxa Moinho 1;BR-381, km 802 (Sul);São Gonçalo do Sapucaí;MG;https://maps.app.goo.gl/E9SAUkjsSJNtXNud6;-21.945203;-45.620572
Caxuxa Moinho 2;BR-381, km 802 (Norte);São Gonçalo do Sapucaí;MG;https://maps.app.goo.gl/j8ZnkvgD12UW1zYg6;-21.945270;-45.619602
Caxuxa Curvelo;BR-135, km 615;Curvelo;MG;https://maps.app.goo.gl/1qUECSkpkXKUqNhN7;-18.708977;-44.442390
Caxuxa Natal;BR-262, km 497;Moema;MG;https://maps.app.goo.gl/i6srt5o9E5kTEJak6;-19.784949;-45.414949
Caxuxa Profetas;BR-040, km 614,6;Congonhas;MG;https://maps.app.goo.gl/vGy5Cc6WcLuM5oi96;-20.533691;-43.823441
Caxuxa Estrela;Av. Francisco Campos, 5;Estrela do Indaiá;MG;https://maps.app.goo.gl/3KyK9piAWKya9KNq6;-19.522118;-45.787658
Caxuxa 2000;Rua Paralela, s/n;Japaraíba;MG;https://maps.app.goo.gl/hRAo4b3xsxQq4BD78;-20.140241;-45.512669
POSTO 100 TEOFILO OTONI;Avenida Sidônio Otoni, 683;Teófilo Otoni;MG;https://maps.app.goo.gl/FdUh4egaV8krsa2J9;-17.851780;-41.509047
POSTO 601 BARBACENA;Rua Benjamin Constant, 200;Barbacena;MG;https://maps.app.goo.gl/aAaJChKZKPwpeLPD9;-21.216177;-43.769719
POSTO 603 UBÁ;Rua Frei Cornélio, 14;Ubá;MG;https://maps.app.goo.gl/PEBXwBumvtvS1Eon6;-21.115622;-42.956298
POSTO 605 JANUARIA;Avenida Marechal Deodoro ...;Januária;MG;https://maps.app.goo.gl/og7Q91DXVMkK4XDcA;-15.490898;-44.364949
POSTO 606 UBERABA;Rua Coronel Cacildo Arante ...;Uberaba;MG;https://maps.app.goo.gl/RuZujTBahwAoWqBfA;-19.756810;-47.978950
POSTO 607 UBERLANDIA;Avenida João Leão, 7085;Uberlândia;MG;https://maps.app.goo.gl/p8z3jyt4UKDk9hRp8;-18.903639;-48.233101
POSTO 609 CORINTO;Avenida Amarante Ribeiro ;Corinto;MG;https://maps.app.goo.gl/4RyooR6SvXVKciVFA;-18.377669;-44.459279
POSTO 612 SETE LAGOAS;Avenida Tunico Reis, 122;Sete Lagoas;MG;https://maps.app.goo.gl/xR4DzRATnMWpepm29;-19.467185;-44.227195
POSTO 616 MONTES CLAROS;Avenida Donato Quintino, 08;Montes Claros;MG;https://maps.app.goo.gl/mSF57pAd6au31CF29;-16.740422;-43.871364
POSTO 617 J F - SÃO MATEUS;Ladeira Alexandre Leonel, 200;Juiz de Fora;MG;https://maps.app.goo.gl/LAsX1p64A4e9nNQb6;-21.782474;-43.357704
POSTO 618 J F - MARIANO PR;Avenida Brasil, 6123;Juiz de Fora;MG;https://maps.app.goo.gl/B8iN6RXTTQh7DXBF8;-21.740514;-43.369059
POSTO 619 JANAUBA;Rua São Pedro, 650;Janaúba;MG;https://maps.app.goo.gl/2jU7fyLqbFTkTkQu5;-15.806789;-43.301175
POSTO 620 IPATINGA;Avenida Alberto Giovannini, 165;Ipatinga;MG;https://maps.app.goo.gl/wH8XAN5EgYDX81Cw5;-19.443187;-42.555603
POSTO 621 PADRE EUSTAQUIO;Rua Pará de Minas, 788;Belo Horizonte;MG;https://maps.app.goo.gl/Zs2KLfDY9YGSKcTd6;-19.913979;-43.988910
POSTO 622 CORONEL FABRICIANO;Praça Sérvulo Roque, 86;Coronel Fabriciano;MG;https://maps.app.goo.gl/ThrqRCa2r5Lmyj8t6;-19.523228;-42.627571
POSTO 623 CINQUENTENARIO;Rua Úrsula Paulino, 763;Belo Horizonte;MG;https://maps.app.goo.gl/yendSgd1yS8xYG2M7;-19.955065;-43.983972
POSTO 624 TAIOBEIRAS;Avenida Bandeirantes, 650;Taiobeiras;MG;https://maps.app.goo.gl/1o75hk9U4puTgvEC6;-15.825129;-42.217536
Posto Dharma;Avenida Bandeirantes, 650;Três Corações;MG;https://maps.app.goo.gl/3vQ22CwaYgWizdwr9;-21.709254;-45.256147
Posto Contorno;Avenida Prefeito Orlando Rezende Andrade, 841;Três Corações;MG;https://maps.app.goo.gl/xzJHgJRUwwkdtwHbA;-21.689666;-45.251025
Posto São Thomé VI;Avenida Deputado Renato Azeredo, 3959;Três Corações;MG;https://maps.app.goo.gl/4ZAfu28ZrYPofaQh6;-21.665721;-45.277008
Posto Pereira e Maciel;Avenida Manuel Vida, 800;Varginha;MG;https://maps.app.goo.gl/vWsP6r5UGuNGEjpy8;-21.586619;-45.447669
POSTO SAO JOAO DEL REI;Avenida Leite de Castro, 261;São João del Rei;MG;https://maps.app.goo.gl/kJY5q26zCP1YWwWZ7;-21.127697;-44.249859
POSTO SERRA;Rodovia BR 101 Norte, 3616;Serra;ES;https://maps.app.goo.gl/XXYSaBF1fSM7AUpD8;-20.204624;-40.268776
POSTO SJDR II/SHARK;Avenida Sete de Setembro, 10;São João del Rei;MG;https://maps.app.goo.gl/kskx6guyfdRoVSL88;-21.126689;-44.239778
Posto Dom Pedro Aliança;Rodovia Fernão Dias, Km 820, Aliança;São Sebastião da Bela Vista;MG;https://maps.app.goo.gl/yQKoCghNvLaPDqz9A;-22.121854;-45.771615
Posto Dom Pedro Aparecida;Rodovia Presidente Dutra, Km 71, Caixa Postal 94, Padre Victor;Aparecida;SP;https://maps.app.goo.gl/hQSv1At1P9dhmErj8;-22.841905;-45.223745
Posto Dom Pedro Betim;Rodovia Fernão Dias, Km 486, Brasiléia;Betim;MG;https://maps.app.goo.gl/8Fr1gq6SbGLDwyP99;-19.962508;-44.161882
Posto Dom Pedro Betim 2;Rua Maria das Mercês Lima, 10 - Betim Industrial;Betim;MG;https://maps.app.goo.gl/jwwkQBoCQKoAi8tG6;-19.962231;-44.165928
Posto Dom Pedro Bueno Brandão;Rua Benjamin Rossi, 515, Parque Renascença;Bueno Brandão;MG;https://maps.app.goo.gl/8vUFwR7YFDxb7PxR8;-22.444020;-46.347670
Posto Dom Pedro Cachoeira de Pajeú;Rodovia BR 116, Km 14,3, Zona Rural;Cachoeira de Pajeú;MG;https://maps.app.goo.gl/1cnJVFL1VY54YG1F6;-15.805805;-41.364158
Posto Dom Pedro Camanducaia Urbano;Avenida Rio Branco, 105, Centro;Camanducaia;MG;https://maps.app.goo.gl/zoPuPHRRC2yRSSzx7;-22.753218;-46.141043
Posto Dom Pedro Camanducaia Urbano 2;Avenida Presidente Tancredo de Almeida Neves, 330, Santa Lúcia;Camanducaia;MG;https://maps.app.goo.gl/r9EW5k7oi72wwBfX6;-22.760882;-46.144710
Posto Dom Pedro Cambuí Rodovia;Rodovia Fernão Dias, Km 888+300 metros, Congonhal;Cambuí;MG;https://maps.app.goo.gl/8HiKEcVhdnQYk8Qg7;-22.528514;-46.025437
Posto Dom Pedro Cambuí Urbano;Rua João Moreira Salles, Centro;Cambuí;MG;https://maps.app.goo.gl/g4BJUWnmuFh6dhxVA;-22.604689;-46.057773
Posto Dom Pedro Cambuí Urbano 2;Avenida Prefeito José Barbosa, 100, Jardim Ana Maria;Cambuí;MG;https://maps.app.goo.gl/ts23mESM4GjUyGHP8;-22.613054;-46.063241
Posto Dom Pedro Carmópolis;Rodovia Fernão Dias, BR 381, S/N, Km 588, Suburbano;Carmópolis de Minas;MG;https://maps.app.goo.gl/esisstFbsGFuRsKa8;-20.539787;-44.642305
Posto Dom Pedro Contagem Fernão Dias;Rodovia Fernão Dias, 2000, Km 02, Riacho das Pedras;Contagem;MG;https://maps.app.goo.gl/j9hC1zeFBSoTqKVMA;-19.961595;-44.050385
Posto Dom Pedro Contagem Norte;Avenida Helena Vasconcelos Costa, 1240, Cincão;Contagem;MG;https://maps.app.goo.gl/bvZypvMJ4f9hHRY5A;-19.907823;-44.048181
Posto Dom Pedro Contagem Sul;Avenida Helena de Vasconcelos Costa, 1235, Cincão;Contagem;MG;https://maps.app.goo.gl/1e9bRJzh5ujFiGLE8;-19.907251;-44.044640
Posto Dom Pedro Divisa Alegre 2;Rodovia BR 116, Km 2, Zona Rural;Divisa Alegre;MG;https://maps.app.goo.gl/LvMNQ8HThTCmitxJA;-15.717298;-41.339169
Posto Dom Pedro Igaratinga;Rodovia BR 262, Km 418, Zona Rural;Igaratinga;MG;https://maps.app.goo.gl/HesJntxRGYNnKdNM7;-19.891127;-44.710004
Posto Dom Pedro Inconfidentes Urbano;Avenida Alvarenga Peixoto, 970, Monjolinho;Inconfidentes;MG;https://maps.app.goo.gl/zH6DGcZyE1xkvuRM8;-22.318330;-46.322717
Posto Dom Pedro Paulinho (Itapeva);Rodovia Fernão Dias, S/N, Km 914, Ponte de Zinco;Itapeva;MG;https://maps.app.goo.gl/oTuGhLtZfj9ZMeRXA;-22.771529;-46.197756
Posto Dom Pedro Itatiaiuçu;Rodovia Fernão Dias, Km 534, Pinheiros;Itatiaiuçu;MG;https://maps.app.goo.gl/kmYx3uHZKTzzB8558;-20.184024;-44.380216
Posto Dom Pedro Juíz de Fora Urbano;Avenida Garcia Rodrigues Paes, 1099, Industrial;Juiz de Fora;MG;https://maps.app.goo.gl/8g4KtfaLBA9tcSpw5;-21.730525;-43.392442
Posto Dom Pedro Muriaé;Rodovia BR 116, Km 690, Itamuri;Muriaé;MG;https://maps.app.goo.gl/AwjBrYg2YzPxZfUM9;-20.975347;-42.355424
Posto Dom Pedro Nova Serrana;Rodovia BR 262, 480, Km 447, Industrial;Nova Serrana;MG;https://maps.app.goo.gl/UeKmxCjwZNZWG48T8;-19.871447;-44.967692
Posto Dom Pedro Oliveira;Rodovia Fernão Dias, Km 611, Zona Rural;Oliveira;MG;https://maps.app.goo.gl/fTj2fLN7BWuBLoCD7;-20.683814;-44.738441
Posto Dom Pedro Ouro Fino Urbano;Avenida Delfim Moreira, 145, Centro;Ouro Fino;MG;https://maps.app.goo.gl/UvfugZnXWZYPmuvJA;-22.276984;-46.367822
Posto Dom Pedro Paraopeba;Rodovia BR 040, Km 438, Zona Rural;Paraopeba;MG;https://maps.app.goo.gl/pTQa1avpcELjV2y56;-19.246858;-44.424356
Posto Dom Pedro Pouso Alegre;Rodovia Fernão Dias, Km 859, Cruz Alta;Pouso Alegre;MG;https://maps.app.goo.gl/y8r1ngD6cVFbpkUF6;-22.400805;-45.962329
Posto Dom Pedro Pouso Alegre Urbano;Avenida Moisés Lopes da Silva, 670, Arvore Grande;Pouso Alegre;MG;https://maps.app.goo.gl/cMDzF9Kb1iRvV3aM8;-22.257359;-45.923913
Posto Dom Pedro Pouso Alegre Urbano 2;Avenida Prefeito Olavo Gomes de Oliveria, Loteamento Paraty;Pouso Alegre;MG;https://maps.app.goo.gl/USX9LHkCqbGSHwy47;-22.285043;-45.912332
Posto Dom Pedro Salinas;Rodovia BR 251, Km 309, Caixa Postal 03, Zona Rural;Salinas;MG;https://maps.app.goo.gl/MvDAVCqB9y9p8oiu8;-16.134731;-42.262067
Posto Dom Pedro Santa Luzia;Rodovia BR 381, Km 291, Bom Destino;Santa Luzia;MG;https://maps.app.goo.gl/WERMTfho7hzJDGE76;-19.812569;-43.797167
Posto Dom Pedro São Gonçalo Rodovia;Rodovia Fernão Dias, Km 797, São Cristóvão;São Gonçalo do Sapucaí;MG;https://maps.app.goo.gl/st8YyZ4TTW74o5TeA;-21.915553;-45.583480
Posto Dom Pedro São Gonçalo Urbano;Rua São José, 495, Centro;São Gonçalo do Sapucaí;MG;https://maps.app.goo.gl/2AEoH4LdJDSPaWa67;-21.894057;-45.590674
Posto Dom Pedro Senador Amaral;Rua Geraldo Julio, 222, Centro;Senador Amaral;MG;https://maps.app.goo.gl/f8HeKBmz9ivB3N237;-22.588743;-46.176796
Posto Dom Pedro Turim;Rodovia Fernão Dias, Km 424, Jardim Piemont;Betim;MG;https://maps.app.goo.gl/wMzDJA9QzRqBuhhCA;-19.959436;-44.070346
Posto Dom Pedro Pouso Alegre Urbano 3;Rua Francisco Massafera, 191, São João;Pouso Alegre;MG;https://maps.app.goo.gl/FbGyMGFMjahBLTw47;-22.237776;-45.956217
Posto Dom Pedro Itaguara;Rodovia Fernão Dias, Grota da Cana, S/N, Km 548 + 300m, Zona Rural;Itaguara;MG;https://maps.app.goo.gl/kJMx2HTo8RhnqS7N8;-20.285669;-44.435612
Posto Dom Pedro Conselheiro Lafaiete;Rodovia BR-040, 23730, Barreira;Conselheiro Lafaiete;MG;https://maps.app.goo.gl/gvxuZdJC2FkCiHsZA;-20.643564;-43.812193
Posto Dom Pedro Montes Claros;Rodovia BR 251, Km 509, Zona Rural;Montes Claros;MG;https://maps.app.goo.gl/ngamtUGWwJtDrUrR7;-16.626236;-43.693782
Posto Dom Pedro São Gonçalo 2 (Norte);Rodovia Fernão Dias, S/N, Km 789,4, Barretos;São Gonçalo do Sapucaí;MG;https://maps.app.goo.gl/buJ9onuCViKLL3x19;-21.876033;-45.540302
Posto Dom Pedro São Gonçalo 3 (Sul);Rodovia Fernão Dias, S/N, Km 790, Barretos;São Gonçalo do Sapucaí;MG;https://maps.app.goo.gl/LEm6KCJjtFrUz5QC6;-21.874925;-45.540916
Posto Dom Pedro Frei Inocêncio;Rodovia BR 116, Km 366 + 500 m, Zona Rural;Frei Inocêncio;MG;https://maps.app.goo.gl/EZzcVuNw1axbVwLW8;-18.506956;-41.878742
Posto Dom Pedro Sales Oliveira;Rodovia Anhanguera, Km 346, Zona Rural;Sales Oliveira;SP;https://maps.app.goo.gl/gMjHjgZjdhrKoww76;-20.897731;-47.893778
Posto Dom Pedro Juiz de Fora;Rodovia BR-040, Km 773,9, Barreira do Triunfo;Juiz de Fora;MG;https://maps.app.goo.gl/iMABc6yUHvy2iece7;-21.653006;-43.434174
Posto Dom Pedro Extrema Urbano;Avenida Maria Antonia Massuti Zingari, 874, Barreiro;Extrema;MG;https://maps.app.goo.gl/8xqjNRJS9WCA1f578;-22.849407;-46.317523
Posto Dom Pedro São Jorge;São Sebastião;Vitória da Conquista;BA;https://maps.app.goo.gl/wrWgCMZLewGARdh27;-14.765656;-40.706607
Posto Dom Pedro Luz;Rodovia BR 262, Km 544, Zona Rural;Luz;MG;https://maps.app.goo.gl/F2cyRNGkvrQB8sn39;-19.740564;-45.852253
Posto Dom Pedro Inhapim;Rodovia Santos Dumont BR 116, Km 497, Sentido Norte, Zona Rural;Inhapim;MG;https://maps.app.goo.gl/jQAGT6RQQjpwoLhZA;-19.495920;-42.127702



