Nome;Endereco;Cidade;Estado;Google Maps;Latitude CSV;Longitude CSV;Latitude Google;Longitude Google;Distancia metros;Status;Destino Google Maps
Caxuxa I;BR-262, km 523;Luz;MG;https://maps.app.goo.gl/dpZFoiDu5SDSfoBXA;-19.783839;-45.656775;-19.783839;-45.656775;0;OK;https://www.google.com/maps/search/-19.783839,+-45.656775?entry=tts&g_ep=EgoyMDI2MDcxMy4wIPu8ASoASAFQAw%3D%3D&skid=cebb6328-4676-4529-a870-dc53c093e4d8
Caxuxa III (Dorjó);BR-262, km 526;Luz;MG;https://maps.app.goo.gl/XQXKPivCmSiqLPEy5;-19.783472;-45.686114;-19.783435;-45.686068;6;OK;https://www.google.com/maps/search/-19.783435,+-45.686068?entry=tts&g_ep=EgoyMDI2MDcxMy4wIPu8ASoASAFQAw%3D%3D&skid=1f528e3c-3d48-4b9c-bfcc-f4785b71988f
Caxuxa Rodão;BR-262, km 482;Bom Despacho;MG;https://maps.app.goo.gl/bA7EXBALWDKqet3x5;-19.782881;-45.269571;-19.7831331;-45.270075;60;OK;https://www.google.com/maps/place/Posto+Caxuxa+Rod%C3%A3o/data=!4m7!3m6!1s0x94b341afb6e8545b:0xbb3b35582ca11d5!8m2!3d-19.7831331!4d-45.270075!16s%2Fg%2F11c2k3bc0l!19sChIJW1Totq9Bs5QR1RHKglWzsws?entry=tts&g_ep=EgoyMDI2MDcxMy4wIPu8ASoASAFQAw%3D%3D&skid=09122dd5-7d87-45ff-8605-a5d2ca110efb
Caxuxa Lombada;BR-262, km 478,5;Bom Despacho;MG;https://maps.app.goo.gl/HP5cS6fTmxtoQAmF9;-19.785612;-45.236338;-19.785594;-45.236391;6;OK;https://www.google.com/maps/search/-19.785594,+-45.236391?entry=tts&g_ep=EgoyMDI2MDcxMy4wIPu8ASoASAFQAw%3D%3D&skid=63b121cf-c404-4f40-ac0f-2f0053c7e500
Caxuxa São João;Av. Lima Guimarães, 80;Pitangui;MG;https://maps.app.goo.gl/HgbVsKVNNazzDyfFA;-19.684402;-44.892333;-19.684402;-44.892333;0;OK;https://www.google.com/maps/search/-19.684402,+-44.892333?entry=tts&g_ep=EgoyMDI2MDcxMy4wIPu8ASoASAFQAw%3D%3D&skid=538dd29d-535b-4ce4-a583-4d94ff65b510
Caxuxa Biquinhas;Rua Pref. Airton Xavier de Oliveira, 432;Biquinhas;MG;https://maps.app.goo.gl/QZmbk6hcCD2Ls8qW8;-18.781575;-45.501114;-18.781558;-45.501165;6;OK;https://www.google.com/maps/search/-18.781558,+-45.501165?entry=tts&g_ep=EgoyMDI2MDcxMy4wIPu8ASoASAFQAw%3D%3D&skid=6bcbf8f9-3436-49ea-a7f3-d8693742038f
Caxuxa Barril;BR-262, km 511;Luz;MG;https://maps.app.goo.gl/1FKeZ42ZRUSLJkkA7;-19.782903;-45.564993;-19.782541;-45.565003;40;OK;https://www.google.com/maps/search/-19.782541,+-45.565003?entry=tts&g_ep=EgoyMDI2MDcxMy4wIPu8ASoASAFQAw%3D%3D&skid=f2e45675-b1ff-4522-a09f-6e7cf3c732ff
Caxuxa Milênio;Av. Laura Andrade, 190;Arcos;MG;https://maps.app.goo.gl/MAQnzXxGQk29XAzEA;-20.289773;-45.548049;-20.289723;-45.54776;31;OK;https://www.google.com/maps/search/-20.289723,+-45.547760?entry=tts&g_ep=EgoyMDI2MDcxMy4wIPu8ASoASAFQAw%3D%3D&skid=9ff38ca0-3958-48bb-8afc-d72f6e3d4a11
Caxuxa Lava-Pés;Rua Alzira Torres, 547;Bambuí;MG;https://maps.app.goo.gl/v2DihjDeAEyvhbkb6;-20.017606;-45.984504;-20.0176617;-45.9845016;6;OK;https://www.google.com/maps/place/R.+Alzira+T%C3%B4rres,+547/data=!4m7!3m6!1s0x94b3e960b19ba0f1:0xac5f7b2781395fac!8m2!3d-20.0176617!4d-45.9845016!16s%2Fg%2F11v0_4qcsn!19sChIJ8aCbsWDps5QRrF85gSd7X6w?entry=tts&g_ep=EgoyMDI2MDcxMy4wIPu8ASoASAFQAw%3D%3D&skid=cbb3627d-fc37-4730-b36a-8a7b35468055
Caxuxa Girassol;Rua Indalécio Alvares Gonzales, 1755;Bambuí;MG;https://maps.app.goo.gl/6Y7Ut6kUqynXuP157;-20.01223;-45.950577;-20.012132;-45.95061;11;OK;https://www.google.com/maps/search/-20.012132,+-45.950610?entry=tts&g_ep=EgoyMDI2MDcxNC4wIPu8ASoASAFQAw%3D%3D&skid=7fd6e7c2-f894-41d2-8391-5bdf6ef05824
Caxuxa Juá;BR-354, km 471;Arcos;MG;https://maps.app.goo.gl/UGHkPdvKKT6xENMB7;-20.272396;-45.575432;-20.272366;-45.575515;9;OK;https://www.google.com/maps/search/-20.272366,+-45.575515?entry=tts&g_ep=EgoyMDI2MDcxMy4wIPu8ASoASAFQAw%3D%3D&skid=7edbd1a3-a1c6-44df-91a4-f04304dea15a
Caxuxa Veredas;BR-365, km 323;João Pinheiro;MG;https://maps.app.goo.gl/2ubxXk9u4iz3Yygt5;-18.275853;-45.895015;-18.275829;-45.89476;27;OK;https://www.google.com/maps/search/-18.275829,+-45.894760?entry=tts&g_ep=EgoyMDI2MDcxMy4wIPu8ASoASAFQAw%3D%3D&skid=fb9fe7b5-ac88-458f-8d50-9d28a4efcf4d
Caxuxa JK;BR-040, km 226;São Gonçalo do Abaeté;MG;https://maps.app.goo.gl/F1kh3qESeEBb2UNAA;-17.991466;-45.601519;-17.991408;-45.601594;10;OK;https://www.google.com/maps/search/-17.991408,+-45.601594?entry=tts&g_ep=EgoyMDI2MDkyMy4wIPu8ASoASAFQAw%3D%3D&skid=339313fe-4ad6-4eaf-a770-f0e6fc65c2d0
Caxuxa Monte Líbano;BR-262, km 526;Luz;MG;https://maps.app.goo.gl/2DiVWpBvgWnAakK89;-19.782063;-45.678135;-19.782066;-45.678067;7;OK;https://www.google.com/maps/search/-19.782066,+-45.678067?entry=tts&g_ep=EgoyMDI2MDcxNC4wIPu8ASoASAFQAw%3D%3D&skid=bfc8d292-f3d5-471c-a697-159e59d51966
Caxuxa Lagoense;MG-170, km 28;Lagoa da Prata;MG;https://maps.app.goo.gl/5jHVWt2rZyWzZ1TT9;-20.024315;-45.515924;-20.0243;-45.515884;4;OK;https://www.google.com/maps/search/-20.024300,+-45.515884?entry=tts&g_ep=EgoyMDI2MDcxMy4wIPu8ASoASAFQAw%3D%3D&skid=d0f2e025-b620-4c59-bda1-cf8bdb463e3d
Caxuxa Moinho 1;BR-381, km 802 (Sul);São Gonçalo do Sapucaí;MG;https://maps.app.goo.gl/E9SAUkjsSJNtXNud6;-21.945203;-45.620572;-21.945153;-45.620169;42;OK;https://www.google.com/maps/search/-21.945153,+-45.620169?entry=tts&g_ep=EgoyMDI2MDcxMy4wIPu8ASoASAFQAw%3D%3D&skid=bec27e79-ce79-4e38-a64b-e39b5a0c27ff
Caxuxa Moinho 2;BR-381, km 802 (Norte);São Gonçalo do Sapucaí;MG;https://maps.app.goo.gl/j8ZnkvgD12UW1zYg6;-21.94527;-45.619602;-21.946254;-45.619728;110;REVISAR;https://www.google.com/maps/search/-21.946254,+-45.619728?entry=tts&g_ep=EgoyMDI2MDcxNC4wIPu8ASoASAFQAw%3D%3D&skid=5ad9dc47-c2e4-4fd8-b045-9fb76a9adabe
Caxuxa Curvelo;BR-135, km 615;Curvelo;MG;https://maps.app.goo.gl/1qUECSkpkXKUqNhN7;-18.708977;-44.44239;-18.70893;-44.44237;6;OK;https://www.google.com/maps/search/-18.708930,+-44.442370?entry=tts&g_ep=EgoyMDI2MDcxMy4wIPu8ASoASAFQAw%3D%3D&skid=4aea2761-187f-40a4-b357-41ad4371bad1
Caxuxa Natal;BR-262, km 497;Moema;MG;https://maps.app.goo.gl/i6srt5o9E5kTEJak6;-19.784949;-45.414949;-19.784873;-45.415514;60;OK;https://www.google.com/maps/search/-19.784873,+-45.415514?entry=tts&g_ep=EgoyMDI2MDcxMy4wIPu8ASoASAFQAw%3D%3D&skid=f1813369-d145-44f9-b1f6-8cea389345fb
Caxuxa Profetas;BR-040, km 614,6;Congonhas;MG;https://maps.app.goo.gl/vGy5Cc6WcLuM5oi96;-20.533691;-43.823441;-20.53364;-43.82346;6;OK;https://www.google.com/maps/search/-20.533640,+-43.823460?entry=tts&g_ep=EgoyMDI2MDcxMy4wIPu8ASoASAFQAw%3D%3D&skid=5f54abbc-c7b2-4094-b03f-f1d76b1d846f
Caxuxa Estrela;Av. Francisco Campos, 5;Estrela do Indaiá;MG;https://maps.app.goo.gl/3KyK9piAWKya9KNq6;-19.522118;-45.787658;-19.5221256;-45.7876929;4;OK;https://www.google.com/maps/place/Posto+Caxuxa+Estrela/data=!4m7!3m6!1s0x94b24f04b2d3c907:0x236854d1b05abd59!8m2!3d-19.5221256!4d-45.7876929!16s%2Fg%2F11z75dzdt5!19sChIJB8nTsgRPspQRWb1asNFUaCM?entry=tts&g_ep=EgoyMDI2MDcxMy4wIPu8ASoASAFQAw%3D%3D&skid=01d867f3-8d90-43ad-9687-9e2e23ad1660
Caxuxa 2000;Rua Paralela, s/n;Japaraíba;MG;https://maps.app.goo.gl/hRAo4b3xsxQq4BD78;-20.140241;-45.512669;-20.140226;-45.512571;10;OK;https://www.google.com/maps/search/-20.140226,+-45.512571?entry=tts&g_ep=EgoyMDI2MDcxMy4wIPu8ASoASAFQAw%3D%3D&skid=d729ef7e-13f4-4ef3-8b4b-994bc476c5c4
POSTO 100 TEOFILO OTONI;Avenida Sidônio Otoni, 683;Teófilo Otoni;MG;https://maps.app.goo.gl/FdUh4egaV8krsa2J9;-17.85178;-41.509047;-17.851952;-41.509086;20;OK;https://www.google.com/maps/search/-17.851952,+-41.509086?entry=tts&g_ep=EgoyMDI2MDYxMC4wIPu8ASoASAFQAw%3D%3D&skid=75ce715d-4b09-468a-8ed7-c6eb8c356dc1
POSTO 601 BARBACENA;Rua Benjamin Constant, 200;Barbacena;MG;https://maps.app.goo.gl/aAaJChKZKPwpeLPD9;-21.216177;-43.769719;-21.216176;-43.769691;3;OK;https://www.google.com/maps/search/-21.216176,+-43.769691?entry=tts&g_ep=EgoyMDI2MDkyMy4wIPu8ASoASAFQAw%3D%3D&skid=57c9f383-4f56-4dca-a463-caf6e06dcad3
POSTO 603 UBÁ;Rua Frei Cornélio, 14;Ubá;MG;https://maps.app.goo.gl/PEBXwBumvtvS1Eon6;-21.115622;-42.956298;-21.1156319;-42.9563743;8;OK;https://www.google.com/maps/place/R.+Frei+Corn%C3%A9lio,+14+-+Lavap%C3%A9s/data=!4m7!3m6!1s0xa31bedfda25dcb:0x1f44187abc0dc43c!8m2!3d-21.1156319!4d-42.9563743!16s%2Fg%2F11kqkq8m9m!19sChIJy12i_e0bowARPMQNvHoYRB8?entry=tts&g_ep=EgoyMDI2MDkyMy4wIPu8ASoASAFQAw%3D%3D&skid=5d8bf6c2-5d5e-4a29-b2fd-b897b8db5a8c
POSTO 605 JANUARIA;Avenida Marechal Deodoro ...;Januária;MG;https://maps.app.goo.gl/og7Q91DXVMkK4XDcA;-15.490898;-44.364949;-15.4908762;-44.3649851;5;OK;https://www.google.com/maps/place/Av.+Mal.+Deodoro+da+Fonseca,+370+-+Centro/data=!4m7!3m6!1s0x7542c81c1c468bd:0xd426d9ee049f72fe!8m2!3d-15.4908762!4d-44.3649851!16s%2Fg%2F11svtcc322!19sChIJvWjEwYEsVAcR_nKfBO7ZJtQ?entry=tts&g_ep=EgoyMDI2MDYxMC4wIPu8ASoASAFQAw%3D%3D&skid=d719105d-fb3f-4ba7-ab0f-036826557c10
POSTO 606 UBERABA;Rua Coronel Cacildo Arante ...;Uberaba;MG;https://maps.app.goo.gl/RuZujTBahwAoWqBfA;-19.75681;-47.97895;-19.756806;-47.978946;1;OK;https://www.google.com/maps/search/-19.756806,+-47.978946?entry=tts&g_ep=EgoyMDI2MDkyMy4wIPu8ASoASAFQAw%3D%3D&skid=fdf1a803-c4ff-44ca-b198-f5392717007c
POSTO 607 UBERLANDIA;Avenida João Leão, 7085;Uberlândia;MG;https://maps.app.goo.gl/p8z3jyt4UKDk9hRp8;-18.903639;-48.233101;-18.903639;-48.233101;0;OK;https://www.google.com/maps/search/-18.903639,+-48.233101?entry=tts&g_ep=EgoyMDI2MDkyMy4wIPu8ASoASAFQAw%3D%3D&skid=37bc5f9a-f664-48ff-9188-9fefea5fc4a8
POSTO 609 CORINTO;Avenida Amarante Ribeiro;Corinto;MG;https://maps.app.goo.gl/4RyooR6SvXVKciVFA;-18.377669;-44.459279;-18.377669;-44.459279;0;OK;https://www.google.com/maps/search/-18.377669,+-44.459279?entry=tts&g_ep=EgoyMDI2MDkyMy4wIPu8ASoASAFQAw%3D%3D&skid=f7fc79e0-bfb6-4a6a-bb99-89267e21ad10
POSTO 612 SETE LAGOAS;Avenida Tunico Reis, 122;Sete Lagoas;MG;https://maps.app.goo.gl/xR4DzRATnMWpepm29;-19.467185;-44.227195;-19.467182;-44.227191;1;OK;https://www.google.com/maps/search/-19.467182,+-44.227191?entry=tts&g_ep=EgoyMDI2MDYxMC4wIPu8ASoASAFQAw%3D%3D&skid=06c83649-fab4-40e0-8146-5e6660e1071c
POSTO 616 MONTES CLAROS;Avenida Donato Quintino, 08;Montes Claros;MG;https://maps.app.goo.gl/mSF57pAd6au31CF29;-16.740422;-43.871364;-16.7404441;-43.8712698;10;OK;https://www.google.com/maps/place/Portal+lava+r%C3%A1pido/data=!4m7!3m6!1s0xab53002c45db01:0x8d96f52c405681ab!8m2!3d-16.7404441!4d-43.8712698!16s%2Fg%2F11w1hjgchl!19sChIJAdtFLABTqwARq4FWQCz1lo0?entry=tts&g_ep=EgoyMDI2MDkyMy4wIPu8ASoASAFQAw%3D%3D&skid=44daf7b1-9ff0-4b7d-81a0-6e4b9c292966
POSTO 617 J F - SÃO MATEUS;Ladeira Alexandre Leonel, 200;Juiz de Fora;MG;https://maps.app.goo.gl/LAsX1p64A4e9nNQb6;-21.782474;-43.357704;-21.782474;-43.357704;0;OK;https://www.google.com/maps/search/-21.782474,+-43.357704?entry=tts&g_ep=EgoyMDI2MDkyMy4wIPu8ASoASAFQAw%3D%3D&skid=2f52b5b0-d16c-4fc4-8446-93ca46821e8b
POSTO 618 J F - MARIANO PR;Avenida Brasil, 6123;Juiz de Fora;MG;https://maps.app.goo.gl/B8iN6RXTTQh7DXBF8;-21.740514;-43.369059;-21.7405244;-43.3691902;14;OK;https://www.google.com/maps/place/Av.+Brasil,+6123+-+Mariano+Proc%C3%B3pio/data=!4m7!3m6!1s0x989c61c0cca6e1:0x7da8ba2c71c30ddb!8m2!3d-21.7405244!4d-43.3691902!16s%2Fg%2F11v0_2y87l!19sChIJ4abMwGGcmAAR2w3DcSy6qH0?entry=tts&g_ep=EgoyMDI2MDkyMy4wIPu8ASoASAFQAw%3D%3D&skid=0bc12f48-8480-465e-a393-0cc9a1124cf0
POSTO 619 JANAUBA;Rua São Pedro, 650;Janaúba;MG;https://maps.app.goo.gl/2jU7fyLqbFTkTkQu5;-15.806789;-43.301175;-15.806789;-43.301175;0;OK;https://www.google.com/maps/search/-15.806789,+-43.301175?entry=tts&g_ep=EgoyMDI2MDkyMy4wIPu8ASoASAFQAw%3D%3D&skid=003d1eb3-91c9-4fcb-9836-0b86ea1aeddc
POSTO 620 IPATINGA;Avenida Alberto Giovannini, 165;Ipatinga;MG;https://maps.app.goo.gl/wH8XAN5EgYDX81Cw5;-19.443187;-42.555603;-19.4432232;-42.5556551;7;OK;https://www.google.com/maps/place/Posto+Bretas/data=!4m7!3m6!1s0xaffe28ca81db23:0xf99df2bb0ad5a14a!8m2!3d-19.4432232!4d-42.5556551!16s%2Fg%2F1yfj8t8vg!19sChIJI9uByij-rwARSqHVCrvynfk?entry=tts&g_ep=EgoyMDI2MDkyMy4wIPu8ASoASAFQAw%3D%3D&skid=dd6e2ce6-e259-4e2d-94bd-b4f591b4db90
POSTO 621 PADRE EUSTAQUIO;Rua Pará de Minas, 788;Belo Horizonte;MG;https://maps.app.goo.gl/Zs2KLfDY9YGSKcTd6;-19.913979;-43.98891;-19.913979;-43.98891;0;OK;https://www.google.com/maps/search/-19.913979,+-43.988910?entry=tts&g_ep=EgoyMDI2MDkyMy4wIPu8ASoASAFQAw%3D%3D&skid=f4ae6fad-430b-4452-9db7-f77aa9a4365c
POSTO 622 CORONEL FABRICIANO;Praça Sérvulo Roque, 86;Coronel Fabriciano;MG;https://maps.app.goo.gl/ThrqRCa2r5Lmyj8t6;-19.523228;-42.627571;-19.523228;-42.627571;0;OK;https://www.google.com/maps/search/-19.523228,+-42.627571?entry=tts&g_ep=EgoyMDI2MDkyMy4wIPu8ASoASAFQAw%3D%3D&skid=21eba64b-d54e-4689-a278-406b5d107442
POSTO 623 CINQUENTENARIO;Rua Úrsula Paulino, 763;Belo Horizonte;MG;https://maps.app.goo.gl/yendSgd1yS8xYG2M7;-19.955065;-43.983972;-19.9550962;-43.9840226;6;OK;https://www.google.com/maps/place/Posto+Shell/data=!4m7!3m6!1s0xa697f9e7525e01:0xff41c96c246e96e0!8m2!3d-19.9550962!4d-43.9840226!16s%2Fg%2F11pq62493f!19sChIJAV5S5_mXpgAR4JZuJGzJQf8?entry=tts&g_ep=EgoyMDI2MDkyMy4wIPu8ASoASAFQAw%3D%3D&skid=7909fcda-918b-48c8-8638-35e3f04f0659
POSTO 624 TAIOBEIRAS;Avenida Bandeirantes, 650;Taiobeiras;MG;https://maps.app.goo.gl/1o75hk9U4puTgvEC6;-15.825129;-42.217536;-15.825129;-42.217536;0;OK;https://www.google.com/maps/search/-15.825129,+-42.217536?entry=tts&g_ep=EgoyMDI2MDkyMy4wIPu8ASoASAFQAw%3D%3D&skid=16a90b8c-9710-4ec2-8373-e913a65c141e
Posto Dharma;Avenida Bandeirantes, 650;Três Corações;MG;https://maps.app.goo.gl/3vQ22CwaYgWizdwr9;-21.709254;-45.256147;-21.7092559;-45.2561494;0;OK;https://www.google.com/maps/place/Posto+S%C3%A3o+Thom%C3%A9+4+Elo%2B/data=!4m7!3m6!1s0x94cadd7f5f70dfbd:0x31133b4ba98781b0!8m2!3d-21.7092559!4d-45.2561494!16s%2Fg%2F11hg9ztszt!19sChIJvd9wX3_dypQRsIGHqUs7EzE?entry=tts&g_ep=EgoyMDI2MDcxNC4wIPu8ASoASAFQAw%3D%3D&skid=07cdda19-4836-4a91-9527-5b20a0a031a8
Posto Contorno;Avenida Prefeito Orlando Rezende Andrade, 841;Três Corações;MG;https://maps.app.goo.gl/xzJHgJRUwwkdtwHbA;-21.689666;-45.251025;-21.6897312;-45.2509811;9;OK;https://www.google.com/maps/place/Barbearia+do+Diego/data=!4m7!3m6!1s0x94caddf6519c8055:0x3ce50a04bae71f3f!8m2!3d-21.6897312!4d-45.2509811!16s%2Fg%2F11fkw8frkn!19sChIJVYCcUfbdypQRPx_nugQK5Tw?entry=tts&g_ep=EgoyMDI2MDkyMy4wIPu8ASoASAFQAw%3D%3D&skid=273fccbb-4140-4b12-9687-5a95e2db68cd
Posto São Thomé VI;Avenida Deputado Renato Azeredo, 3959;Três Corações;MG;https://maps.app.goo.gl/4ZAfu28ZrYPofaQh6;-21.665721;-45.277008;-21.66576;-45.27701;4;OK;https://www.google.com/maps/search/-21.665760,+-45.277010?entry=tts&g_ep=EgoyMDI2MDcxNC4wIPu8ASoASAFQAw%3D%3D&skid=59c46bda-0fbe-40f3-bd1b-9f8aebfb20a4
Posto Pereira e Maciel;Avenida Manuel Vida, 800;Varginha;MG;https://maps.app.goo.gl/vWsP6r5UGuNGEjpy8;-21.586619;-45.447669;-21.58656;-45.447711;8;OK;https://www.google.com/maps/search/-21.586560,+-45.447711?entry=tts&g_ep=EgoyMDI2MDcxNC4wIPu8ASoASAFQAw%3D%3D&skid=e72547a8-b22b-4add-bbd5-5fe420ccf3ae
POSTO SAO JOAO DEL REI;Avenida Leite de Castro, 261;São João del Rei;MG;https://maps.app.goo.gl/kJY5q26zCP1YWwWZ7;-21.127697;-44.249859;-21.1276736;-44.249856;3;OK;https://www.google.com/maps/place/Av.+Leite+de+Castro,+277+-+F%C3%A1bricas/data=!4m7!3m6!1s0xa1c87fce4a9b67:0x8ee3d0482c649318!8m2!3d-21.1276736!4d-44.249856!16s%2Fg%2F11hbgqvm2w!19sChIJZ5tKzn_IoQARGJNkLEjQ444?entry=tts&g_ep=EgoyMDI2MDYxMC4wIPu8ASoASAFQAw%3D%3D&skid=d333c15a-f185-487c-84d1-3b531d30a7fb
POSTO SERRA;Rodovia BR 101 Norte, 3616;Serra;ES;https://maps.app.goo.gl/XXYSaBF1fSM7AUpD8;-20.204624;-40.268776;-20.204529;-40.268851;13;OK;https://www.google.com/maps/search/-20.204529,+-40.268851?entry=tts&g_ep=EgoyMDI2MDYxMC4wIPu8ASoASAFQAw%3D%3D&skid=3c91db19-8bdc-4939-95d5-a001529542df
POSTO SJDR II/SHARK;Avenida Sete de Setembro, 10;São João del Rei;MG;https://maps.app.goo.gl/kskx6guyfdRoVSL88;-21.126689;-44.239778;-21.126689;-44.239778;0;OK;https://www.google.com/maps/search/-21.126689,+-44.239778?entry=tts&g_ep=EgoyMDI2MDkyMy4wIPu8ASoASAFQAw%3D%3D&skid=3a899315-a109-4516-b7c1-eff31c0bcd53
Posto Dom Pedro Aliança;Rodovia Fernão Dias, Km 820, Aliança;São Sebastião da Bela Vista;MG;https://maps.app.goo.gl/yQKoCghNvLaPDqz9A;-22.121854;-45.771615;-22.121854;-45.771615;0;OK;https://www.google.com/maps/search/-22.121854,+-45.771615?entry=tts&g_ep=EgoyMDI2MDkyMy4wIPu8ASoASAFQAw%3D%3D&skid=da35843b-c026-4722-9579-1f15d7bbe617
Posto Dom Pedro Aparecida;Rodovia Presidente Dutra, Km 71, Caixa Postal 94, Padre Victor;Aparecida;SP;https://maps.app.goo.gl/hQSv1At1P9dhmErj8;-22.841905;-45.223745;-22.841905;-45.223745;0;OK;https://www.google.com/maps/search/-22.841905,+-45.223745?entry=tts&g_ep=EgoyMDI2MDkyMy4wIPu8ASoASAFQAw%3D%3D&skid=8e516a44-2b14-4fae-b72d-020174367c67
Posto Dom Pedro Betim;Rodovia Fernão Dias, Km 486, Brasiléia;Betim;MG;https://maps.app.goo.gl/8Fr1gq6SbGLDwyP99;-19.962508;-44.161882;-19.962523;-44.162095;22;OK;https://www.google.com/maps/place/Rodovi%C3%A1ria+de+Betim/data=!4m7!3m6!1s0xa6c17015b516fd:0xac10ab42625bed26!8m2!3d-19.962523!4d-44.162095!16s%2Fg%2F11g0vzjjsy!19sChIJ_Ra1FXDBpgARJu1bYkKrEKw?entry=tts&g_ep=EgoyMDI2MDkyMy4wIPu8ASoASAFQAw%3D%3D&skid=e6fdcd18-671d-480e-98f4-2a8e20aa88a0
Posto Dom Pedro Betim 2;Rua Maria das Mercês Lima, 10 - Betim Industrial;Betim;MG;https://maps.app.goo.gl/jwwkQBoCQKoAi8tG6;-19.962231;-44.165928;-19.9621736;-44.1658446;11;OK;https://www.google.com/maps/place/Rua+Maria+das+Merc%C3%AAs+Lima,+10+-+Betim+Industrial/data=!4m7!3m6!1s0xa6c164cb27dc37:0xc1e54260f05177ad!8m2!3d-19.9621736!4d-44.1658446!16s%2Fg%2F11c1hptcbg!19sChIJN9wny2TBpgARrXdR8GBC5cE?entry=tts&g_ep=EgoyMDI2MDkyMy4wIPu8ASoASAFQAw%3D%3D&skid=05c9b9db-8bb1-45f2-b471-6f20f9e45f6a
Posto Dom Pedro Bueno Brandão;Rua Benjamin Rossi, 515, Parque Renascença;Bueno Brandão;MG;https://maps.app.goo.gl/8vUFwR7YFDxb7PxR8;-22.44402;-46.34767;-22.44402;-46.34767;0;OK;https://www.google.com/maps/search/-22.444020,+-46.347670?entry=tts&g_ep=EgoyMDI2MDkyMy4wIPu8ASoASAFQAw%3D%3D&skid=c7d3260a-c156-480e-9276-62b722d916c7
Posto Dom Pedro Cachoeira de Pajeú;Rodovia BR 116, Km 14,3, Zona Rural;Cachoeira de Pajeú;MG;https://maps.app.goo.gl/1cnJVFL1VY54YG1F6;-15.805805;-41.364158;-15.8058672;-41.3640534;13;OK;https://www.google.com/maps/place/Ipiranga/data=!4m7!3m6!1s0x74ec981ce374027:0xd5af75c35a363ebf!8m2!3d-15.8058672!4d-41.3640534!16s%2Fg%2F11wtzngzwh!19sChIJJ0A3zoHJTgcRvz42WsN1r9U?entry=tts&g_ep=EgoyMDI2MDkyMy4wIPu8ASoASAFQAw%3D%3D&skid=914d04ce-6d48-4f00-94b1-e3027da7714a
Posto Dom Pedro Camanducaia Urbano;Avenida Rio Branco, 105, Centro;Camanducaia;MG;https://maps.app.goo.gl/zoPuPHRRC2yRSSzx7;-22.753218;-46.141043;-22.7532247;-46.1410731;3;OK;https://www.google.com/maps/place/Posto+Petrobras/data=!4m7!3m6!1s0x94cc0197d5b61e8d:0x40a2337c2e0d8b67!8m2!3d-22.7532247!4d-46.1410731!16s%2Fg%2F11hzmrrpzt!19sChIJjR621ZcBzJQRZ4sNLnwzokA?entry=tts&g_ep=EgoyMDI2MDkyMy4wIPu8ASoASAFQAw%3D%3D&skid=8a96455d-61b3-4dd0-a296-18fcaf764e54
Posto Dom Pedro Camanducaia Urbano 2;Avenida Presidente Tancredo de Almeida Neves, 330, Santa Lúcia;Camanducaia;MG;https://maps.app.goo.gl/r9EW5k7oi72wwBfX6;-22.760882;-46.14471;-22.760882;-46.14471;0;OK;https://www.google.com/maps/search/-22.760882,+-46.144710?entry=tts&g_ep=EgoyMDI2MDkyMy4wIPu8ASoASAFQAw%3D%3D&skid=bd1fc3b7-7cbf-4900-b105-576ec361d210
Posto Dom Pedro Cambuí Rodovia;Rodovia Fernão Dias, Km 888+300 metros, Congonhal;Cambuí;MG;https://maps.app.goo.gl/8HiKEcVhdnQYk8Qg7;-22.528514;-46.025437;-22.528514;-46.025437;0;OK;https://www.google.com/maps/search/-22.528514,+-46.025437?entry=tts&g_ep=EgoyMDI2MDkyMy4wIPu8ASoASAFQAw%3D%3D&skid=96ddb9f3-37cd-42df-b3bb-9c9d0673fc28
Posto Dom Pedro Cambuí Urbano;Rua João Moreira Salles, Centro;Cambuí;MG;https://maps.app.goo.gl/g4BJUWnmuFh6dhxVA;-22.604689;-46.057773;-22.604689;-46.057773;0;OK;https://www.google.com/maps/search/-22.604689,+-46.057773?entry=tts&g_ep=EgoyMDI2MDkyMy4wIPu8ASoASAFQAw%3D%3D&skid=9a481893-505a-411e-a897-cefc281c3d1f
Posto Dom Pedro Cambuí Urbano 2;Avenida Prefeito José Barbosa, 100, Jardim Ana Maria;Cambuí;MG;https://maps.app.goo.gl/ts23mESM4GjUyGHP8;-22.613054;-46.063241;-22.613206;-46.0640404;84;OK;https://www.google.com/maps/place/Eder+Yoneya+Corretor+De+Im%C3%B3veis/data=!4m7!3m6!1s0x94cbfa0d0104fb01:0x952ce235e2d5f115!8m2!3d-22.613206!4d-46.0640404!16s%2Fg%2F11nxcmlnsg!19sChIJAfsEAQ36y5QRFfHV4jXiLJU?entry=tts&g_ep=EgoyMDI2MDkyMy4wIPu8ASoASAFQAw%3D%3D&skid=88af6f2d-67ce-4428-807b-5e1b37a910e2
Posto Dom Pedro Carmópolis;Rodovia Fernão Dias, BR 381, S/N, Km 588, Suburbano;Carmópolis de Minas;MG;https://maps.app.goo.gl/esisstFbsGFuRsKa8;-20.539787;-44.642305;-20.539787;-44.642305;0;OK;https://www.google.com/maps/search/-20.539787,+-44.642305?entry=tts&g_ep=EgoyMDI2MDkyMy4wIPu8ASoASAFQAw%3D%3D&skid=0e57b106-7ae1-4429-93e8-e14b24b1646d
Posto Dom Pedro Contagem Fernão Dias;Rodovia Fernão Dias, 2000, Km 02, Riacho das Pedras;Contagem;MG;https://maps.app.goo.gl/j9hC1zeFBSoTqKVMA;-19.961595;-44.050385;-19.961595;-44.050385;0;OK;https://www.google.com/maps/search/-19.961595,+-44.050385?entry=tts&g_ep=EgoyMDI2MDkyMy4wIPu8ASoASAFQAw%3D%3D&skid=0729ed36-aff2-4cdf-b154-6fbe6b070463
Posto Dom Pedro Contagem Norte;Avenida Helena Vasconcelos Costa, 1240, Cincão;Contagem;MG;https://maps.app.goo.gl/bvZypvMJ4f9hHRY5A;-19.907823;-44.048181;-19.907823;-44.048181;0;OK;https://www.google.com/maps/search/-19.907823,+-44.048181?entry=tts&g_ep=EgoyMDI2MDkyMy4wIPu8ASoASAFQAw%3D%3D&skid=a9a4484c-242b-48b9-8093-c3e762d1f18f
Posto Dom Pedro Contagem Sul;Avenida Helena de Vasconcelos Costa, 1235, Cincão;Contagem;MG;https://maps.app.goo.gl/1e9bRJzh5ujFiGLE8;-19.907251;-44.04464;-19.908341;-44.048365;408;REVISAR;https://www.google.com/maps/search/-19.908341,+-44.048365?entry=tts&g_ep=EgoyMDI2MDkyMy4wIPu8ASoASAFQAw%3D%3D&skid=01c6bfa2-21aa-4433-a208-08c378d2adf3
Posto Dom Pedro Divisa Alegre 2;Rodovia BR 116, Km 2, Zona Rural;Divisa Alegre;MG;https://maps.app.goo.gl/LvMNQ8HThTCmitxJA;-15.717298;-41.339169;-15.717218;-41.337666;161;REVISAR;https://www.google.com/maps/search/-15.717218,+-41.337666?entry=tts&g_ep=EgoyMDI2MDkyMy4wIPu8ASoASAFQAw%3D%3D&skid=26c078a4-cf3c-427b-a173-ff421892c717
Posto Dom Pedro Igaratinga;Rodovia BR 262, Km 418, Zona Rural;Igaratinga;MG;https://maps.app.goo.gl/HesJntxRGYNnKdNM7;-19.891127;-44.710004;-19.891127;-44.710004;0;OK;https://www.google.com/maps/search/-19.891127,+-44.710004?entry=tts&g_ep=EgoyMDI2MDkyMy4wIPu8ASoASAFQAw%3D%3D&skid=df7a2f08-4eea-45c5-9a04-2b7091728677
Posto Dom Pedro Inconfidentes Urbano;Avenida Alvarenga Peixoto, 970, Monjolinho;Inconfidentes;MG;https://maps.app.goo.gl/zH6DGcZyE1xkvuRM8;-22.31833;-46.322717;-22.3183392;-46.3229687;26;OK;https://www.google.com/maps/place/Branca/data=!4m7!3m6!1s0x94c97b1fc092c595:0x4b6d0655d0d8ea90!8m2!3d-22.3183392!4d-46.3229687!16s%2Fg%2F11wft8b749!19sChIJlcWSwB97yZQRkOrY0FUGbUs?entry=tts&g_ep=EgoyMDI2MDkyMy4wIPu8ASoASAFQAw%3D%3D&skid=893f706e-e228-44c5-a556-2d0c4fab5895
Posto Dom Pedro Paulinho (Itapeva);Rodovia Fernão Dias, S/N, Km 914, Ponte de Zinco;Itapeva;MG;https://maps.app.goo.gl/oTuGhLtZfj9ZMeRXA;-22.771529;-46.197756;-22.771529;-46.197756;0;OK;https://www.google.com/maps/search/-22.771529,+-46.197756?entry=tts&g_ep=EgoyMDI2MDkyMy4wIPu8ASoASAFQAw%3D%3D&skid=ed92b957-e3e6-4c5d-b2ce-9abd6c1935d6
Posto Dom Pedro Itatiaiuçu;Rodovia Fernão Dias, Km 534, Pinheiros;Itatiaiuçu;MG;https://maps.app.goo.gl/kmYx3uHZKTzzB8558;-20.184024;-44.380216;-20.184024;-44.380216;0;OK;https://www.google.com/maps/search/-20.184024,+-44.380216?entry=tts&g_ep=EgoyMDI2MDkyMy4wIPu8ASoASAFQAw%3D%3D&skid=798fbe1c-38c0-4f12-8f64-5484017b1d9f
Posto Dom Pedro Juíz de Fora Urbano;Avenida Garcia Rodrigues Paes, 1099, Industrial;Juiz de Fora;MG;https://maps.app.goo.gl/8g4KtfaLBA9tcSpw5;-21.730525;-43.392442;-21.730525;-43.392442;0;OK;https://www.google.com/maps/search/-21.730525,+-43.392442?entry=tts&g_ep=EgoyMDI2MDkyMy4wIPu8ASoASAFQAw%3D%3D&skid=107db093-5045-46d1-89aa-dffd71559112
Posto Dom Pedro Muriaé;Rodovia BR 116, Km 690, Itamuri;Muriaé;MG;https://maps.app.goo.gl/AwjBrYg2YzPxZfUM9;-20.975347;-42.355424;-20.975347;-42.355424;0;OK;https://www.google.com/maps/search/-20.975347,+-42.355424?entry=tts&g_ep=EgoyMDI2MDkyMy4wIPu8ASoASAFQAw%3D%3D&skid=7c8b0f07-ffaa-4d4d-9e29-fe429dfe5312
Posto Dom Pedro Nova Serrana;Rodovia BR 262, 480, Km 447, Industrial;Nova Serrana;MG;https://maps.app.goo.gl/UeKmxCjwZNZWG48T8;-19.871447;-44.967692;-19.871447;-44.967692;0;OK;https://www.google.com/maps/search/-19.871447,+-44.967692?entry=tts&g_ep=EgoyMDI2MDkyMy4wIPu8ASoASAFQAw%3D%3D&skid=b00ab38d-0865-4e1d-a1ad-f2acd8643b4c
Posto Dom Pedro Oliveira;Rodovia Fernão Dias, Km 611, Zona Rural;Oliveira;MG;https://maps.app.goo.gl/fTj2fLN7BWuBLoCD7;-20.683814;-44.738441;-20.6838262;-44.738537;10;OK;https://www.google.com/maps/place/Posto+Dom+Pedro+Oliveira/data=!4m7!3m6!1s0xa0667f1f10baf9:0x312f8e7a2784193e!8m2!3d-20.6838262!4d-44.738537!16s%2Fg%2F11bbych2dz!19sChIJ-boQH39moAARPhmEJ3qOLzE?entry=tts&g_ep=EgoyMDI2MDkyMy4wIPu8ASoASAFQAw%3D%3D&skid=2aa4b24b-ce2e-4e23-b9eb-8db3c1d3e794
Posto Dom Pedro Ouro Fino Urbano;Avenida Delfim Moreira, 145, Centro;Ouro Fino;MG;https://maps.app.goo.gl/UvfugZnXWZYPmuvJA;-22.276984;-46.367822;-22.276984;-46.367822;0;OK;https://www.google.com/maps/search/-22.276984,+-46.367822?entry=tts&g_ep=EgoyMDI2MDkyMy4wIPu8ASoASAFQAw%3D%3D&skid=72823644-b2ff-413c-a9d2-fab30f0474e5
Posto Dom Pedro Paraopeba;Rodovia BR 040, Km 438, Zona Rural;Paraopeba;MG;https://maps.app.goo.gl/pTQa1avpcELjV2y56;-19.246858;-44.424356;-19.246858;-44.424356;0;OK;https://www.google.com/maps/search/-19.246858,+-44.424356?entry=tts&g_ep=EgoyMDI2MDkyMy4wIPu8ASoASAFQAw%3D%3D&skid=453df179-5fb7-426a-81bc-930fffa06ab8
Posto Dom Pedro Pouso Alegre;Rodovia Fernão Dias, Km 859, Cruz Alta;Pouso Alegre;MG;https://maps.app.goo.gl/y8r1ngD6cVFbpkUF6;-22.400805;-45.962329;-22.400805;-45.962329;0;OK;https://www.google.com/maps/search/-22.400805,+-45.962329?entry=tts&g_ep=EgoyMDI2MDkyMy4wIPu8ASoASAFQAw%3D%3D&skid=7635f1f5-f1f9-431f-a94e-f5d93ff83a9b
Posto Dom Pedro Pouso Alegre Urbano;Avenida Moisés Lopes da Silva, 670, Arvore Grande;Pouso Alegre;MG;https://maps.app.goo.gl/cMDzF9Kb1iRvV3aM8;-22.257359;-45.923913;-22.257372;-45.9239052;2;OK;https://www.google.com/maps/place/Posto+Dom+Pedro+Pouso+Alegre+Urbano+1/data=!4m7!3m6!1s0x94cbc714951886f1:0x99d1cf85027966ed!8m2!3d-22.257372!4d-45.9239052!16s%2Fg%2F1tzzwml4!19sChIJ8YYYlRTHy5QR7WZ5AoXP0Zk?entry=tts&g_ep=EgoyMDI2MDkyMy4wIPu8ASoASAFQAw%3D%3D&skid=71743236-3b38-4faa-830b-26d960749bf2
Posto Dom Pedro Pouso Alegre Urbano 2;Avenida Prefeito Olavo Gomes de Oliveria, Loteamento Paraty;Pouso Alegre;MG;https://maps.app.goo.gl/USX9LHkCqbGSHwy47;-22.285043;-45.912332;-22.285043;-45.912332;0;OK;https://www.google.com/maps/search/-22.285043,+-45.912332?entry=tts&g_ep=EgoyMDI2MDkyMy4wIPu8ASoASAFQAw%3D%3D&skid=c381ed09-af9b-4403-bc1c-ee518c683a86
Posto Dom Pedro Salinas;Rodovia BR 251, Km 309, Caixa Postal 03, Zona Rural;Salinas;MG;https://maps.app.goo.gl/MvDAVCqB9y9p8oiu8;-16.134731;-42.262067;-16.134731;-42.262067;0;OK;https://www.google.com/maps/search/-16.134731,+-42.262067?entry=tts&g_ep=EgoyMDI2MDkyMy4wIPu8ASoASAFQAw%3D%3D&skid=65585e5d-a2f6-4911-bce9-67e12421dc10
Posto Dom Pedro Santa Luzia;Rodovia BR 381, Km 291, Bom Destino;Santa Luzia;MG;https://maps.app.goo.gl/WERMTfho7hzJDGE76;-19.812569;-43.797167;-19.812569;-43.797167;0;OK;https://www.google.com/maps/search/-19.812569,+-43.797167?entry=tts&g_ep=EgoyMDI2MDkyMy4wIPu8ASoASAFQAw%3D%3D&skid=4c6b6e88-67f4-4d21-8401-84b486101b1f
Posto Dom Pedro São Gonçalo Rodovia;Rodovia Fernão Dias, Km 797, São Cristóvão;São Gonçalo do Sapucaí;MG;https://maps.app.goo.gl/st8YyZ4TTW74o5TeA;-21.915553;-45.58348;-21.916124;-45.583995;83;OK;https://www.google.com/maps/search/-21.916124,+-45.583995?entry=tts&g_ep=EgoyMDI2MDkyMy4wIPu8ASoASAFQAw%3D%3D&skid=993ee975-7207-4502-9d08-8e1d790459d2
Posto Dom Pedro São Gonçalo Urbano;Rua São José, 495, Centro;São Gonçalo do Sapucaí;MG;https://maps.app.goo.gl/2AEoH4LdJDSPaWa67;-21.894057;-45.590674;-21.8940654;-45.5907452;7;OK;https://www.google.com/maps/place/Posto+Dom+Pedro+S%C3%A3o+Gon%C3%A7alo+Urbano/data=!4m7!3m6!1s0x94caff65607589d9:0xdfc33036b1369c61!8m2!3d-21.8940654!4d-45.5907452!16s%2Fg%2F11c6w03ndh!19sChIJ2Yl1YGX_ypQRYZw2sTYww98?entry=tts&g_ep=EgoyMDI2MDkyMy4wIPu8ASoASAFQAw%3D%3D&skid=44213302-7111-4c80-b2c2-bfcc8c5d85bb
Posto Dom Pedro Senador Amaral;Rua Geraldo Julio, 222, Centro;Senador Amaral;MG;https://maps.app.goo.gl/f8HeKBmz9ivB3N237;-22.588743;-46.176796;-22.588743;-46.176796;0;OK;https://www.google.com/maps/search/-22.588743,+-46.176796?entry=tts&g_ep=EgoyMDI2MDkyMy4wIPu8ASoASAFQAw%3D%3D&skid=620b026f-8303-434e-ad4f-6bffcf850f3b
Posto Dom Pedro Turim;Rodovia Fernão Dias, Km 424, Jardim Piemont;Betim;MG;https://maps.app.goo.gl/wMzDJA9QzRqBuhhCA;-19.959436;-44.070346;-19.959436;-44.070346;0;OK;https://www.google.com/maps/search/-19.959436,+-44.070346?entry=tts&g_ep=EgoyMDI2MDkyMy4wIPu8ASoASAFQAw%3D%3D&skid=b997cfd9-09ff-48a5-86f7-b302aa963272
Posto Dom Pedro Pouso Alegre Urbano 3;Rua Francisco Massafera, 191, São João;Pouso Alegre;MG;https://maps.app.goo.gl/FbGyMGFMjahBLTw47;-22.237776;-45.956217;-22.2377948;-45.9562481;4;OK;https://www.google.com/maps/place/Posto+Dom+Pedro+Pouso+Alegre+Urbano+3/data=!4m7!3m6!1s0x94cbc712f10b4fd9:0xcee3de21aae7841e!8m2!3d-22.2377948!4d-45.9562481!16s%2Fg%2F11ljtwyd2b!19sChIJ2U8L8RLHy5QRHoTnqiHe484?entry=tts&g_ep=EgoyMDI2MDkyMy4wIPu8ASoASAFQAw%3D%3D&skid=214ad82c-4a63-4ffd-b15f-81fc935f18f8
Posto Dom Pedro Itaguara;Rodovia Fernão Dias, Grota da Cana, S/N, Km 548 + 300m, Zona Rural;Itaguara;MG;https://maps.app.goo.gl/kJMx2HTo8RhnqS7N8;-20.285669;-44.435612;-20.285669;-44.435612;0;OK;https://www.google.com/maps/search/-20.285669,+-44.435612?entry=tts&g_ep=EgoyMDI2MDkyMy4wIPu8ASoASAFQAw%3D%3D&skid=d405a24f-0872-4804-a19e-b8697e542833
Posto Dom Pedro Conselheiro Lafaiete;Rodovia BR-040, 23730, Barreira;Conselheiro Lafaiete;MG;https://maps.app.goo.gl/gvxuZdJC2FkCiHsZA;-20.643564;-43.812193;-20.643564;-43.812193;0;OK;https://www.google.com/maps/search/-20.643564,+-43.812193?entry=tts&g_ep=EgoyMDI2MDkyMy4wIPu8ASoASAFQAw%3D%3D&skid=3cef78fe-603c-4cd6-9c2b-a63fa19734b7
Posto Dom Pedro Montes Claros;Rodovia BR 251, Km 509, Zona Rural;Montes Claros;MG;https://maps.app.goo.gl/ngamtUGWwJtDrUrR7;-16.626236;-43.693782;-16.626236;-43.693782;0;OK;https://www.google.com/maps/search/-16.626236,+-43.693782?entry=tts&g_ep=EgoyMDI2MDkyMy4wIPu8ASoASAFQAw%3D%3D&skid=6401af60-53ab-4a99-9813-0d7b57e2cc2c
Posto Dom Pedro São Gonçalo 2 (Norte);Rodovia Fernão Dias, S/N, Km 789,4, Barretos;São Gonçalo do Sapucaí;MG;https://maps.app.goo.gl/buJ9onuCViKLL3x19;-21.876033;-45.540302;-21.876033;-45.540302;0;OK;https://www.google.com/maps/search/-21.876033,+-45.540302?entry=tts&g_ep=EgoyMDI2MDkyMy4wIPu8ASoASAFQAw%3D%3D&skid=18afd84c-0da2-49fa-9ee2-e5059c6096dd
Posto Dom Pedro São Gonçalo 3 (Sul);Rodovia Fernão Dias, S/N, Km 790, Barretos;São Gonçalo do Sapucaí;MG;https://maps.app.goo.gl/LEm6KCJjtFrUz5QC6;-21.874925;-45.540916;-21.874925;-45.540916;0;OK;https://www.google.com/maps/search/-21.874925,+-45.540916?entry=tts&g_ep=EgoyMDI2MDkyMy4wIPu8ASoASAFQAw%3D%3D&skid=b3cccc82-1426-4a8b-8c54-51451aaa7b75
Posto Dom Pedro Frei Inocêncio;Rodovia BR 116, Km 366 + 500 m, Zona Rural;Frei Inocêncio;MG;https://maps.app.goo.gl/EZzcVuNw1axbVwLW8;-18.506956;-41.878742;-18.506956;-41.878742;0;OK;https://www.google.com/maps/search/-18.506956,+-41.878742?entry=tts&g_ep=EgoyMDI2MDkyMy4wIPu8ASoASAFQAw%3D%3D&skid=80a26dd5-26d7-4310-aadc-f97a23dbdb2c
Posto Dom Pedro Sales Oliveira;Rodovia Anhanguera, Km 346, Zona Rural;Sales Oliveira;SP;https://maps.app.goo.gl/gMjHjgZjdhrKoww76;-20.897731;-47.893778;-20.8977483;-47.8938317;6;OK;https://www.google.com/maps/place/Posto+Dom+Pedro+Sales+Oliveira/data=!4m7!3m6!1s0x94b989ecf9be9f7b:0xf89a2fe018340505!8m2!3d-20.8977483!4d-47.8938317!16s%2Fg%2F11hzynnl0f!19sChIJe5---eyJuZQRBQU0GOAvmvg?entry=tts&g_ep=EgoyMDI2MDkyMy4wIPu8ASoASAFQAw%3D%3D&skid=6818d1b1-e497-42e2-bd81-a2c90de6c738
Posto Dom Pedro Juiz de Fora;Rodovia BR-040, Km 773,9, Barreira do Triunfo;Juiz de Fora;MG;https://maps.app.goo.gl/iMABc6yUHvy2iece7;-21.653006;-43.434174;-21.653006;-43.434174;0;OK;https://www.google.com/maps/search/-21.653006,+-43.434174?entry=tts&g_ep=EgoyMDI2MDkyMy4wIPu8ASoASAFQAw%3D%3D&skid=ffbe531e-d949-4b00-a36b-40491277f7a4
Posto Dom Pedro Extrema Urbano;Avenida Maria Antonia Massuti Zingari, 874, Barreiro;Extrema;MG;https://maps.app.goo.gl/8xqjNRJS9WCA1f578;-22.849407;-46.317523;-22.849407;-46.317523;0;OK;https://www.google.com/maps/search/-22.849407,+-46.317523?entry=tts&g_ep=EgoyMDI2MDkyMy4wIPu8ASoASAFQAw%3D%3D&skid=ef898475-db06-4abd-a34b-2afc04e00355
Posto Dom Pedro São Jorge;São Sebastião;Vitória da Conquista;BA;https://maps.app.goo.gl/wrWgCMZLewGARdh27;-14.765656;-40.706607;-14.765656;-40.706607;0;OK;https://www.google.com/maps/search/-14.765656,+-40.706607?entry=tts&g_ep=EgoyMDI2MDkyMy4wIPu8ASoASAFQAw%3D%3D&skid=1591b62c-d761-4f84-a204-b70125d7db0d
Posto Dom Pedro Luz;Rodovia BR 262, Km 544, Zona Rural;Luz;MG;https://maps.app.goo.gl/F2cyRNGkvrQB8sn39;-19.740564;-45.852253;-19.740689;-45.852712;50;OK;https://www.google.com/maps/search/-19.740689,+-45.852712?entry=tts&g_ep=EgoyMDI2MDkyMy4wIPu8ASoASAFQAw%3D%3D&skid=f9644624-870c-4180-b791-29fe67a7ea42
Posto Dom Pedro Inhapim;Rodovia Santos Dumont BR 116, Km 497, Sentido Norte, Zona Rural;Inhapim;MG;https://maps.app.goo.gl/jQAGT6RQQjpwoLhZA;-19.49592;-42.127702;-19.49592;-42.127702;0;OK;https://www.google.com/maps/search/-19.495920,+-42.127702?entry=tts&g_ep=EgoyMDI2MDkyMy4wIPu8ASoASAFQAw%3D%3D&skid=f424201f-051e-4e4d-8824-303ae2a72fe3